id,first_name,last_name,email,gender,ip_address
1,Pansie,Menham,pmenham0@psu.edu,Female,123.27.245.52
2,Ann-marie,Chiswell,achiswell1@discuz.net,Female,33.96.168.132
3,Mallory,Pitway,mpitway2@amazon.co.jp,Male,130.124.226.37
4,Deny,Dobing,ddobing3@google.ru,Female,218.90.51.144
5,Mufinella,Charke,mcharke4@columbia.edu,Female,173.221.57.193
6,Quincy,Whitmarsh,qwhitmarsh5@cbc.ca,Male,248.32.174.143
7,Brewer,Matuszewski,bmatuszewski6@virginia.edu,Male,14.173.111.160
8,Tammy,Luxford,tluxford7@github.com,Male,130.0.239.74
9,Cherey,Culkin,cculkin8@ebay.com,Female,46.225.111.60
10,Fernanda,Renyard,frenyard9@jiathis.com,Female,55.179.174.93
11,Dinah,Edis,dedisa@flickr.com,Polygender,13.173.220.48
12,Emilie,Seleway,eselewayb@answers.com,Agender,247.61.123.154
13,Raphael,Sapir,rsapirc@businessweek.com,Male,126.30.154.113
14,Kean,Skates,kskatesd@elpais.com,Male,141.167.30.139
15,Mayor,Batt,mbatte@ebay.co.uk,Genderfluid,137.71.125.135
16,Pete,Weed,pweedf@drupal.org,Male,83.85.200.198
17,Neron,Coverley,ncoverleyg@telegraph.co.uk,Male,101.43.15.22
18,Armstrong,Jiruca,ajirucah@prnewswire.com,Male,126.217.40.215
19,Richie,Gidney,rgidneyi@eepurl.com,Male,218.27.227.95
20,Gertruda,Carsberg,gcarsbergj@etsy.com,Female,128.37.224.48
21,Edithe,Doncaster,edoncasterk@oaic.gov.au,Female,113.127.196.111
22,Maryjane,Moynihan,mmoynihanl@shinystat.com,Female,151.4.228.163
23,Arabella,Sabbins,asabbinsm@baidu.com,Female,32.83.251.213
24,Della,Phorsby,dphorsbyn@cam.ac.uk,Female,104.3.42.244
25,Rouvin,Millican,rmillicano@weather.com,Male,107.151.92.9
26,Evvie,Ivanishev,eivanishevp@last.fm,Female,88.53.157.64
27,Daren,Elgood,delgoodq@lulu.com,Male,55.174.47.212
28,Rossy,Bereford,rberefordr@dailymotion.com,Male,183.216.203.100
29,Far,Slack,fslacks@infoseek.co.jp,Male,231.131.111.101
30,Sayers,Hazelton,shazeltont@meetup.com,Male,31.205.232.221
31,Birk,Margrem,bmargremu@icq.com,Male,73.144.92.203
32,Kerwinn,MacCome,kmaccomev@weibo.com,Male,46.251.156.255
33,Lou,Martill,lmartillw@booking.com,Female,234.84.236.209
34,Layney,Vicker,lvickerx@pbs.org,Female,12.114.3.218
35,Dorice,Honniebal,dhonniebaly@nature.com,Female,232.55.19.192
36,Ronnica,Vinau,rvinauz@cnbc.com,Female,14.55.27.60
37,Barnabe,Fairhurst,bfairhurst10@github.com,Male,11.164.20.158
38,Dermot,Tague,dtague11@squarespace.com,Male,156.171.74.127
39,Tonie,Hauch,thauch12@bluehost.com,Female,42.180.82.76
40,Tiebout,McKinney,tmckinney13@123-reg.co.uk,Male,102.115.190.117
41,Hestia,Schimon,hschimon14@amazon.co.jp,Female,160.74.154.133
42,Hayley,Greenroa,hgreenroa15@edublogs.org,Female,235.94.217.150
43,Marlin,Riccione,mriccione16@bbb.org,Male,28.181.223.119
44,Julee,Bletsor,jbletsor17@woothemes.com,Genderqueer,208.100.54.20
45,Darwin,Beadnell,dbeadnell18@freewebs.com,Male,251.0.41.33
46,Eduard,Kirkbride,ekirkbride19@zimbio.com,Male,133.146.203.246
47,Wilton,Baynom,wbaynom1a@nifty.com,Male,90.99.23.38
48,Korella,Hellsdon,khellsdon1b@behance.net,Genderfluid,32.132.110.76
49,Moreen,Shire,mshire1c@utexas.edu,Female,171.238.221.93
50,Del,La Rosa,dlarosa1d@mozilla.org,Female,145.178.253.188
51,Jaye,Cicculini,jcicculini1e@lulu.com,Male,45.98.32.211
52,Reade,Maddams,rmaddams1f@oracle.com,Male,95.197.103.207
53,Cam,O'Shirine,coshirine1g@shinystat.com,Male,255.94.96.131
54,Base,Warr,bwarr1h@blogger.com,Male,148.208.3.105
55,Remington,Bramich,rbramich1i@livejournal.com,Male,173.28.168.135
56,Andros,Hartnup,ahartnup1j@archive.org,Genderfluid,175.70.232.94
57,Nev,O'Moylan,nomoylan1k@yolasite.com,Male,227.62.106.103
58,Augustine,Millhill,amillhill1l@nifty.com,Female,213.51.106.2
59,Shannon,Duff,sduff1m@wsj.com,Female,152.245.154.83
60,Justinn,Davids,jdavids1n@bbc.co.uk,Female,239.206.21.43
61,Logan,Shearsby,lshearsby1o@ebay.com,Male,188.6.210.24
62,Trueman,Faich,tfaich1p@shop-pro.jp,Male,226.152.178.143
63,Pail,Heinecke,pheinecke1q@omniture.com,Male,44.185.223.142
64,Maynord,Massingham,mmassingham1r@cargocollective.com,Male,157.57.26.149
65,Genovera,Ashby,gashby1s@last.fm,Female,21.100.166.87
66,Selby,Cordelette,scordelette1t@sitemeter.com,Male,198.55.40.75
67,Chelsea,Reubens,creubens1u@jimdo.com,Female,143.58.22.90
68,Antonino,Bischof,abischof1v@google.com.hk,Male,195.128.39.144
69,Glory,Soppett,gsoppett1w@free.fr,Female,247.42.155.68
70,Kippie,Gowdie,kgowdie1x@nifty.com,Female,63.116.14.238
71,Ari,Gould,agould1y@w3.org,Male,3.162.104.116
72,Jaime,Scroggins,jscroggins1z@kickstarter.com,Female,63.160.23.169
73,Roda,Wimmer,rwimmer20@csmonitor.com,Female,31.27.206.45
74,Olenolin,Couling,ocouling21@jimdo.com,Agender,95.140.90.10
75,Valentia,Cainey,vcainey22@hud.gov,Non-binary,122.153.104.35
76,Currie,Rolls,crolls23@mozilla.com,Male,243.19.191.55
77,Correy,Smeal,csmeal24@vistaprint.com,Female,152.191.160.205
78,Bebe,Harborow,bharborow25@google.fr,Female,127.162.189.12
79,Imogene,Aingel,iaingel26@reverbnation.com,Female,39.171.2.128
80,Ezechiel,Dargue,edargue27@facebook.com,Male,255.200.11.205
81,Tamas,Plaice,tplaice28@wix.com,Male,27.252.246.126
82,Luce,Chittem,lchittem29@topsy.com,Female,187.242.253.189
83,Rubin,Btham,rbtham2a@hubpages.com,Male,149.159.195.55
84,Gilberte,Studde,gstudde2b@chron.com,Genderqueer,104.36.8.128
85,Dare,Cansdale,dcansdale2c@feedburner.com,Bigender,79.132.180.211
86,Breanne,Iczokvitz,biczokvitz2d@youtu.be,Female,109.253.13.3
87,Kaylil,Spelsbury,kspelsbury2e@wikimedia.org,Female,37.188.35.127
88,Hervey,Pettengell,hpettengell2f@blog.com,Male,134.10.138.146
89,Nessie,Fawdrie,nfawdrie2g@google.de,Female,1.200.223.82
90,Arin,Note,anote2h@newsvine.com,Male,11.105.26.204
91,Noah,Bonnor,nbonnor2i@tuttocitta.it,Male,9.205.58.32
92,Shalom,Chestnutt,schestnutt2j@zdnet.com,Male,78.89.60.31
93,Melisa,Fenkel,mfenkel2k@diigo.com,Female,208.5.237.205
94,Alla,Fominov,afominov2l@nps.gov,Female,64.71.159.116
95,Harmony,Jeanes,hjeanes2m@smh.com.au,Female,57.100.49.85
96,Sayres,Aylmer,saylmer2n@techcrunch.com,Male,187.57.199.24
97,Barnabe,Kornel,bkornel2o@mashable.com,Male,41.51.212.190
98,Missy,Ivett,mivett2p@shinystat.com,Female,29.43.182.134
99,Hersh,Huerta,hhuerta2q@lycos.com,Male,229.100.219.175
100,Austin,Carver,acarver2r@yellowpages.com,Male,69.195.236.177
101,Theo,Bertlin,tbertlin2s@miitbeian.gov.cn,Male,55.102.235.40
102,Wade,Yakebovitch,wyakebovitch2t@ibm.com,Genderfluid,214.0.198.194
103,Nellie,Felder,nfelder2u@mac.com,Female,24.184.118.200
104,Quinn,Yanson,qyanson2v@qq.com,Female,175.2.102.29
105,Kial,Vardy,kvardy2w@wired.com,Female,111.88.177.210
106,Booth,Looker,blooker2x@columbia.edu,Male,145.13.7.115
107,Ertha,Neads,eneads2y@typepad.com,Female,250.170.107.92
108,Bo,Wortman,bwortman2z@mlb.com,Male,164.104.245.119
109,Gussy,Janny,gjanny30@ebay.com,Female,215.98.99.63
110,Lotta,Bartoszinski,lbartoszinski31@about.com,Female,61.166.206.98
111,Sandi,Hellicar,shellicar32@bravesites.com,Genderfluid,207.129.169.118
112,Melesa,Rastall,mrastall33@yahoo.co.jp,Female,147.87.165.59
113,Sayres,Lillywhite,slillywhite34@ask.com,Male,113.184.126.215
114,Gillian,Warters,gwarters35@indiegogo.com,Female,192.37.223.92
115,Dynah,Benko,dbenko36@bing.com,Female,60.91.212.195
116,Kaye,Baskerfield,kbaskerfield37@usgs.gov,Agender,135.121.77.238
117,Jobey,Espadero,jespadero38@google.com.hk,Agender,207.141.97.188
118,Keriann,Kenningham,kkenningham39@yahoo.co.jp,Female,67.46.234.243
119,Adrianna,Vaun,avaun3a@nsw.gov.au,Female,63.159.190.144
120,Haze,Cuell,hcuell3b@nsw.gov.au,Male,74.87.160.67
121,Morrie,Vellden,mvellden3c@drupal.org,Male,150.48.66.192
122,Benyamin,Patterfield,bpatterfield3d@t-online.de,Male,211.229.143.110
123,Brennan,Millom,bmillom3e@bloomberg.com,Male,199.216.118.152
124,Barbie,O'Dyvoie,bodyvoie3f@apple.com,Female,73.152.180.42
125,Obed,Mault,omault3g@about.com,Male,145.117.248.120
126,Atlante,Kolin,akolin3h@devhub.com,Female,14.148.214.42
127,Pauletta,Jirzik,pjirzik3i@arizona.edu,Female,75.78.168.195
128,Vernor,Antonin,vantonin3j@disqus.com,Male,64.85.164.128
129,Silva,Mangham,smangham3k@usatoday.com,Female,148.85.247.64
130,Valli,Colbert,vcolbert3l@engadget.com,Female,90.205.165.27
131,Coleen,Scranney,cscranney3m@360.cn,Bigender,56.116.155.244
132,Catherina,Dwyr,cdwyr3n@mozilla.org,Female,24.30.111.76
133,Ann-marie,Skain,askain3o@blog.com,Female,203.8.113.60
134,Jo-anne,Aberhart,jaberhart3p@google.es,Female,177.245.111.171
135,Eleanora,De Andisie,edeandisie3q@wikia.com,Female,64.145.70.255
136,Virge,Bernth,vbernth3r@about.com,Male,21.10.60.130
137,Thomasa,Schapiro,tschapiro3s@networkadvertising.org,Female,117.232.91.90
138,Farica,Tennewell,ftennewell3t@engadget.com,Female,82.71.101.19
139,Tiff,Churchley,tchurchley3u@mapquest.com,Female,5.132.161.79
140,Portie,Furminger,pfurminger3v@google.ca,Male,195.22.56.190
141,Jody,O'Driscole,jodriscole3w@4shared.com,Male,24.128.120.31
142,Ritchie,Derges,rderges3x@is.gd,Male,193.1.230.234
143,Cully,Cohan,ccohan3y@hexun.com,Male,211.149.22.0
144,Annabela,Rippen,arippen3z@devhub.com,Female,214.19.152.93
145,Verine,Spoure,vspoure40@bluehost.com,Female,188.218.87.241
146,Vittorio,Emmison,vemmison41@miibeian.gov.cn,Male,33.159.232.103
147,Karlotte,Shiel,kshiel42@theatlantic.com,Female,181.92.203.29
148,Marcello,Pittem,mpittem43@csmonitor.com,Male,59.20.230.122
149,Farra,Fink,ffink44@apple.com,Agender,227.61.57.235
150,Hazel,Anthoney,hanthoney45@theatlantic.com,Male,232.141.105.211
151,Roselia,Lumsdon,rlumsdon46@narod.ru,Female,117.33.169.229
152,Pierce,Matous,pmatous47@ibm.com,Male,207.27.7.85
153,Garland,Austick,gaustick48@simplemachines.org,Female,191.27.113.151
154,Schuyler,FitzGibbon,sfitzgibbon49@upenn.edu,Male,82.194.182.70
155,Clementia,Evett,cevett4a@amazonaws.com,Female,60.116.160.204
156,Haskell,Barrott,hbarrott4b@webeden.co.uk,Male,229.174.49.94
157,Erda,Tirkin,etirkin4c@google.it,Female,37.84.141.106
158,Lacey,Boule,lboule4d@flickr.com,Female,144.38.3.241
159,Teresina,Clarson,tclarson4e@uol.com.br,Female,2.27.237.214
160,Nicolai,Potticary,npotticary4f@soup.io,Male,107.139.96.103
161,Etienne,Shadrack,eshadrack4g@usnews.com,Male,225.51.11.114
162,Shanon,Aicken,saicken4h@ibm.com,Genderqueer,210.214.17.247
163,Kelsy,Frostdyke,kfrostdyke4i@creativecommons.org,Female,90.138.98.131
164,Dionne,Canon,dcanon4j@forbes.com,Female,38.181.189.142
165,Licha,Jancey,ljancey4k@omniture.com,Female,48.117.71.183
166,Noel,Gath,ngath4l@dagondesign.com,Male,24.44.238.124
167,Somerset,Grainge,sgrainge4m@free.fr,Male,213.48.44.83
168,Tony,Starrs,tstarrs4n@cmu.edu,Female,30.38.49.205
169,Riccardo,Desaur,rdesaur4o@reference.com,Polygender,142.199.192.173
170,Rowland,Money,rmoney4p@pbs.org,Male,46.165.70.71
171,Jenny,McNellis,jmcnellis4q@hc360.com,Bigender,23.210.147.233
172,Edsel,Kearley,ekearley4r@forbes.com,Male,67.14.191.159
173,Baron,Fidelli,bfidelli4s@walmart.com,Male,217.198.35.80
174,Tabitha,Addeycott,taddeycott4t@sina.com.cn,Female,84.66.200.210
175,Ange,Hunnicot,ahunnicot4u@hubpages.com,Female,170.145.202.127
176,Jacinda,Hullbrook,jhullbrook4v@economist.com,Female,238.33.202.196
177,Raye,Guilliatt,rguilliatt4w@elpais.com,Female,84.84.52.172
178,Lancelot,Stowell,lstowell4x@pinterest.com,Male,150.228.180.17
179,Gabbey,Warters,gwarters4y@deviantart.com,Female,224.193.129.124
180,Angelia,Bilverstone,abilverstone4z@mit.edu,Female,38.255.75.249
181,Ruby,Puddephatt,rpuddephatt50@google.com,Male,63.105.10.203
182,Bridget,Widmore,bwidmore51@typepad.com,Female,59.89.36.123
183,Ema,Graham,egraham52@independent.co.uk,Female,244.206.92.183
184,Emmery,Fonquernie,efonquernie53@washingtonpost.com,Male,40.58.201.37
185,Darin,Beringer,dberinger54@latimes.com,Male,183.54.10.101
186,Haroun,Bess,hbess55@salon.com,Male,128.144.69.116
187,Remington,Wakes,rwakes56@biblegateway.com,Male,99.186.18.82
188,Codee,Grinston,cgrinston57@mlb.com,Female,181.9.95.245
189,Abbe,Boothebie,aboothebie58@nps.gov,Male,183.241.16.188
190,Devonne,Peye,dpeye59@paypal.com,Female,18.32.240.185
191,Michail,Dikels,mdikels5a@posterous.com,Male,246.80.115.189
192,Corbin,Readwin,creadwin5b@unblog.fr,Male,45.97.176.92
193,Finn,Lawling,flawling5c@acquirethisname.com,Male,249.129.15.183
194,Dunn,Jizhaki,djizhaki5d@dagondesign.com,Male,48.92.36.204
195,Reeba,Smallcombe,rsmallcombe5e@usgs.gov,Female,254.130.173.223
196,Selestina,Pressey,spressey5f@gov.uk,Female,241.11.190.99
197,Rab,MacAndreis,rmacandreis5g@discovery.com,Male,151.21.59.142
198,Yul,Gunther,ygunther5h@dmoz.org,Male,104.193.216.215
199,Janetta,Tildesley,jtildesley5i@biglobe.ne.jp,Female,228.184.207.131
200,Alanson,Napthine,anapthine5j@delicious.com,Male,245.89.237.83
201,Mirabelle,Bowgen,mbowgen5k@ebay.com,Female,204.242.101.62
202,Alina,Bowdery,abowdery5l@goo.ne.jp,Female,216.158.40.190
203,Denny,Dudleston,ddudleston5m@washington.edu,Agender,114.84.181.194
204,Isaiah,Graith,igraith5n@ocn.ne.jp,Male,39.38.59.149
205,Giorgio,McWhorter,gmcwhorter5o@nyu.edu,Male,6.213.133.139
206,Tomlin,Petroff,tpetroff5p@behance.net,Male,25.56.142.154
207,Mikael,Knutton,mknutton5q@merriam-webster.com,Male,216.235.116.111
208,Sindee,Hedling,shedling5r@flickr.com,Genderqueer,62.129.166.136
209,Roselia,Goodhand,rgoodhand5s@alexa.com,Female,86.65.226.205
210,Vonnie,Broy,vbroy5t@woothemes.com,Female,29.105.205.63
211,Truman,Bill,tbill5u@google.co.uk,Male,27.42.24.174
212,Urbano,Soaper,usoaper5v@wufoo.com,Male,22.4.27.15
213,Cooper,Stubbes,cstubbes5w@icio.us,Male,220.43.114.251
214,Shaine,Stormont,sstormont5x@google.ca,Male,115.77.38.60
215,Annabell,Drever,adrever5y@delicious.com,Female,234.131.234.35
216,Elisabetta,Rolland,erolland5z@1und1.de,Female,158.241.163.178
217,Erv,Jedrys,ejedrys60@weibo.com,Male,173.92.130.174
218,Bruis,Lampert,blampert61@domainmarket.com,Male,62.148.209.18
219,Mable,Recke,mrecke62@sciencedirect.com,Female,191.203.117.193
220,Otha,Weafer,oweafer63@google.cn,Female,230.114.91.173
221,Adler,McCaughan,amccaughan64@stanford.edu,Male,249.117.95.17
222,Scarlet,Ciccetti,sciccetti65@home.pl,Female,247.240.246.191
223,Jodi,Mongan,jmongan66@apple.com,Female,149.66.97.184
224,Brewer,Garraway,bgarraway67@dropbox.com,Agender,195.111.238.174
225,Dasie,Standrin,dstandrin68@instagram.com,Female,182.189.223.215
226,Adler,Whipp,awhipp69@biblegateway.com,Male,244.54.239.165
227,Sada,Tonbridge,stonbridge6a@dion.ne.jp,Female,36.240.175.41
228,Ambrosius,Karlsson,akarlsson6b@e-recht24.de,Male,48.89.67.158
229,Westley,Deering,wdeering6c@seattletimes.com,Male,82.30.41.128
230,Chip,Attock,cattock6d@example.com,Male,171.208.251.243
231,Ruthanne,Oneil,roneil6e@cbslocal.com,Female,50.143.89.237
232,Lauryn,Roncelli,lroncelli6f@yahoo.com,Female,24.7.229.164
233,Gasper,Farnin,gfarnin6g@gnu.org,Male,134.39.219.145
234,Flossy,Gook,fgook6h@hexun.com,Female,244.63.152.89
235,Trevor,Bruck,tbruck6i@nature.com,Male,61.221.7.69
236,Gilberta,Brandle,gbrandle6j@miibeian.gov.cn,Female,35.252.188.48
237,Mort,Guyver,mguyver6k@ox.ac.uk,Male,32.75.128.142
238,Rowland,Eggins,reggins6l@examiner.com,Agender,112.86.34.100
239,Tani,Loder,tloder6m@addtoany.com,Female,149.7.154.124
240,Florri,Gerrett,fgerrett6n@gnu.org,Female,170.210.217.198
241,Ree,Rioch,rrioch6o@netvibes.com,Female,203.98.12.134
242,Wrennie,Boldra,wboldra6p@goo.gl,Female,212.196.43.1
243,Domingo,Astlatt,dastlatt6q@walmart.com,Male,173.180.91.80
244,Flin,Frizzell,ffrizzell6r@yale.edu,Male,161.69.85.152
245,Rosalyn,Karolowski,rkarolowski6s@squarespace.com,Agender,59.162.160.233
246,Yorgos,Dargavel,ydargavel6t@hugedomains.com,Male,224.241.166.201
247,Ferrell,Befroy,fbefroy6u@archive.org,Genderfluid,65.145.212.208
248,Peterus,Jales,pjales6v@cbsnews.com,Male,193.165.96.120
249,Valerye,Wogden,vwogden6w@goo.ne.jp,Female,211.76.252.204
250,Stacia,Danis,sdanis6x@princeton.edu,Female,32.2.85.147
251,Alvan,Rowles,arowles6y@ask.com,Male,187.131.171.80
252,Ali,Birrane,abirrane6z@youtube.com,Male,248.66.170.80
253,Halli,Jansson,hjansson70@aboutads.info,Female,24.200.71.58
254,Rikki,Arend,rarend71@usa.gov,Female,95.141.58.68
255,Torr,Sickling,tsickling72@pagesperso-orange.fr,Male,103.164.88.250
256,Marwin,Mates,mmates73@wp.com,Male,20.190.36.106
257,Lanie,Muggleton,lmuggleton74@discuz.net,Male,168.112.152.220
258,Dalis,Lope,dlope75@cyberchimps.com,Male,209.81.9.79
259,Nata,Squirrell,nsquirrell76@ucoz.com,Female,198.66.158.64
260,Raff,Braznell,rbraznell77@earthlink.net,Male,75.169.250.181
261,Jerrie,Koles,jkoles78@disqus.com,Genderqueer,109.196.147.157
262,Alair,Deeman,adeeman79@livejournal.com,Male,159.62.204.90
263,Art,Fulle,afulle7a@blogs.com,Male,67.240.99.218
264,Clark,Cattenach,ccattenach7b@smugmug.com,Male,130.14.115.61
265,Kathleen,Lagne,klagne7c@tiny.cc,Female,243.52.97.157
266,Tarra,Hasson,thasson7d@tripod.com,Female,233.156.172.143
267,Tommi,Goddard,tgoddard7e@constantcontact.com,Female,234.196.141.63
268,Frants,McPhater,fmcphater7f@imageshack.us,Male,170.167.104.128
269,Sayers,Tireman,stireman7g@oracle.com,Male,228.213.108.147
270,Yalonda,Cartmael,ycartmael7h@clickbank.net,Female,15.119.249.196
271,Marice,Bloxsome,mbloxsome7i@linkedin.com,Female,224.248.20.172
272,Katha,Breakey,kbreakey7j@ibm.com,Polygender,232.5.110.231
273,Marigold,Spilisy,mspilisy7k@hugedomains.com,Polygender,25.222.254.215
274,Ignazio,Fursey,ifursey7l@altervista.org,Male,207.16.118.120
275,Arluene,Matanin,amatanin7m@squarespace.com,Female,229.184.249.195
276,Colver,Scriven,cscriven7n@php.net,Male,4.202.56.70
277,Jacintha,Scroxton,jscroxton7o@usda.gov,Female,227.223.124.65
278,Michele,Fawthorpe,mfawthorpe7p@yolasite.com,Female,97.23.171.193
279,Frances,Bodicam,fbodicam7q@instagram.com,Female,84.4.43.254
280,Pincus,Tumasian,ptumasian7r@naver.com,Male,29.152.168.241
281,Nerti,Spuner,nspuner7s@ox.ac.uk,Female,85.129.190.197
282,Tory,Boards,tboards7t@xinhuanet.com,Female,0.96.236.36
283,Shawn,Benini,sbenini7u@t.co,Female,130.36.99.139
284,Neale,Rearie,nrearie7v@sourceforge.net,Male,253.227.65.66
285,Jarid,Orwin,jorwin7w@biblegateway.com,Male,156.136.109.225
286,Esteban,Tisun,etisun7x@aol.com,Male,215.136.134.178
287,Corby,Rudwell,crudwell7y@stanford.edu,Non-binary,189.149.234.205
288,Alister,Cumpton,acumpton7z@privacy.gov.au,Male,23.85.137.106
289,Poul,Balsellie,pbalsellie80@admin.ch,Male,82.3.180.188
290,Marchelle,Gipp,mgipp81@cdc.gov,Female,142.164.134.128
291,Malinda,Shoebridge,mshoebridge82@nsw.gov.au,Female,38.167.222.164
292,Marlon,Ducker,mducker83@ebay.com,Male,163.230.63.123
293,Florinda,Donat,fdonat84@latimes.com,Female,95.197.144.24
294,Genna,Cuschieri,gcuschieri85@biblegateway.com,Female,12.99.169.94
295,Jacob,Chrishop,jchrishop86@alexa.com,Male,140.18.43.122
296,Steffane,Chennells,schennells87@ucoz.com,Female,237.3.130.186
297,Yorgos,Shelsher,yshelsher88@businessweek.com,Polygender,63.113.83.132
298,Wiley,Zimek,wzimek89@bbc.co.uk,Male,14.196.220.181
299,Faun,Inglis,finglis8a@businessweek.com,Female,27.134.197.17
300,Dix,Skipsea,dskipsea8b@hatena.ne.jp,Female,120.12.48.118
301,Rakel,Gosnay,rgosnay8c@usda.gov,Female,49.120.211.13
302,Niko,Thame,nthame8d@edublogs.org,Male,193.106.19.168
303,Lydon,Bielby,lbielby8e@netvibes.com,Male,161.179.128.16
304,Dorolisa,Pover,dpover8f@japanpost.jp,Female,232.139.223.130
305,Vernor,Nan Carrow,vnancarrow8g@admin.ch,Male,32.15.76.74
306,Kippy,Willgoose,kwillgoose8h@howstuffworks.com,Female,135.252.187.243
307,Edy,Gault,egault8i@google.ca,Female,131.166.151.120
308,Osmond,Pisculli,opisculli8j@ustream.tv,Male,135.19.91.180
309,Joanie,Giacopelo,jgiacopelo8k@cnet.com,Female,110.120.162.126
310,Farah,O'Hanlon,fohanlon8l@eepurl.com,Female,230.31.115.81
311,Oliy,Girard,ogirard8m@ask.com,Female,27.169.141.228
312,Cary,Hagston,chagston8n@nationalgeographic.com,Male,122.123.175.147
313,Deborah,Elsmore,delsmore8o@fastcompany.com,Female,1.204.230.143
314,Jud,Akroyd,jakroyd8p@mysql.com,Non-binary,220.117.178.0
315,Jehu,Dovidaitis,jdovidaitis8q@vk.com,Male,221.204.160.173
316,Carly,Keigher,ckeigher8r@shop-pro.jp,Male,245.234.185.220
317,Richmond,Muckian,rmuckian8s@latimes.com,Male,249.16.178.120
318,Alvinia,Headan,aheadan8t@cnbc.com,Female,141.111.188.254
319,Herb,Trulock,htrulock8u@odnoklassniki.ru,Male,16.181.25.152
320,Lanette,Ianetti,lianetti8v@wisc.edu,Female,242.95.121.106
321,Nikolas,Josham,njosham8w@networksolutions.com,Male,138.196.220.44
322,Theodora,Dorking,tdorking8x@amazon.co.uk,Female,85.21.68.100
323,Barney,Sapwell,bsapwell8y@dropbox.com,Male,210.199.67.40
324,Onofredo,Streak,ostreak8z@homestead.com,Male,13.147.67.53
325,Devin,Goacher,dgoacher90@blogspot.com,Male,245.193.164.3
326,Jeff,Seamen,jseamen91@xrea.com,Male,82.44.163.240
327,Orel,Peris,operis92@wikia.com,Female,88.76.177.44
328,Isidoro,Bloomfield,ibloomfield93@wiley.com,Male,205.58.230.172
329,Dane,Vallantine,dvallantine94@unesco.org,Male,9.69.111.217
330,Drucie,Vivers,dvivers95@shareasale.com,Female,109.243.42.157
331,Anallese,Shoebrook,ashoebrook96@hibu.com,Female,211.232.234.43
332,Roarke,Twiggins,rtwiggins97@nymag.com,Male,122.209.239.5
333,Lorin,Lawtie,llawtie98@ebay.co.uk,Male,13.172.49.116
334,Marcello,Ferrolli,mferrolli99@prweb.com,Male,114.85.163.90
335,Pieter,Danaher,pdanaher9a@hubpages.com,Non-binary,5.120.184.219
336,Israel,Manie,imanie9b@mail.ru,Male,40.172.176.114
337,Lynn,Bauckham,lbauckham9c@edublogs.org,Male,130.184.179.207
338,Gail,Dahlman,gdahlman9d@tmall.com,Female,151.217.208.148
339,Pate,Flooks,pflooks9e@ifeng.com,Male,58.252.110.127
340,Mandie,Howey,mhowey9f@vimeo.com,Bigender,242.127.195.145
341,Obadiah,Bartomeu,obartomeu9g@google.fr,Male,250.111.194.220
342,Lark,Howling,lhowling9h@sourceforge.net,Female,75.113.133.108
343,Almeta,Lawn,alawn9i@51.la,Genderfluid,142.253.104.2
344,Gustavo,McPhaden,gmcphaden9j@meetup.com,Male,118.190.42.182
345,Bartolomeo,Paladino,bpaladino9k@marketwatch.com,Male,220.189.149.215
346,Florence,Godsafe,fgodsafe9l@is.gd,Female,42.119.185.89
347,Betteanne,Eschalette,beschalette9m@51.la,Female,79.212.245.232
348,Averil,Campion,acampion9n@lulu.com,Agender,11.226.204.125
349,Breena,Neave,bneave9o@cpanel.net,Female,225.72.233.74
350,Bowie,MacColl,bmaccoll9p@prweb.com,Male,64.153.99.62
351,Aundrea,Hischke,ahischke9q@taobao.com,Female,109.212.198.157
352,Adrien,Brammer,abrammer9r@netlog.com,Male,222.110.83.6
353,Kayley,Maghull,kmaghull9s@ehow.com,Female,216.40.241.134
354,Spence,Goatcher,sgoatcher9t@printfriendly.com,Male,107.172.141.172
355,Bogart,Overstreet,boverstreet9u@cpanel.net,Male,78.5.42.140
356,Gerianne,Gilsthorpe,ggilsthorpe9v@timesonline.co.uk,Female,64.185.118.82
357,Minerva,Povele,mpovele9w@hhs.gov,Female,7.52.202.244
358,Addie,Slides,aslides9x@webmd.com,Male,142.119.52.12
359,Falkner,Duffell,fduffell9y@google.co.uk,Male,95.123.81.22
360,Lona,Lanon,llanon9z@g.co,Female,208.55.247.41
361,Wynny,Pearsey,wpearseya0@cnn.com,Female,201.108.30.172
362,Gabi,Wilbore,gwilborea1@addthis.com,Male,2.154.235.184
363,Blondell,De Fries,bdefriesa2@feedburner.com,Female,54.166.36.117
364,Essie,Kuna,ekunaa3@sohu.com,Female,10.207.182.225
365,Baryram,MacIlraith,bmacilraitha4@webs.com,Male,253.168.158.97
366,Emelda,Hawke,ehawkea5@newyorker.com,Bigender,165.135.201.226
367,Floyd,Frow,ffrowa6@php.net,Male,43.142.188.143
368,Cristie,Fauning,cfauninga7@linkedin.com,Polygender,119.223.197.127
369,Washington,Snasdell,wsnasdella8@theatlantic.com,Genderqueer,118.1.118.82
370,Alanah,Galliard,agalliarda9@google.com.au,Female,78.42.65.131
371,Norbie,Cauldfield,ncauldfieldaa@fastcompany.com,Male,195.66.205.195
372,Randy,Corby,rcorbyab@prweb.com,Male,128.92.87.138
373,Merrielle,Thairs,mthairsac@squidoo.com,Female,9.147.214.190
374,Wye,Delepine,wdelepinead@booking.com,Male,196.31.48.160
375,Kasper,Simmons,ksimmonsae@dyndns.org,Male,24.164.39.131
376,Andres,Milner,amilneraf@businessinsider.com,Male,228.156.167.115
377,Lock,Labat,llabatag@xinhuanet.com,Male,191.64.49.21
378,Lorene,Marfield,lmarfieldah@google.ru,Female,183.160.28.132
379,Joli,Ivanishchev,jivanishchevai@paypal.com,Female,166.86.251.221
380,Rhett,Madgewick,rmadgewickaj@instagram.com,Male,241.242.173.251
381,Deeann,Kendle,dkendleak@cbc.ca,Female,153.195.186.17
382,Theodor,Rhymes,trhymesal@aol.com,Male,111.45.29.171
383,Erica,Kunisch,ekunischam@over-blog.com,Female,83.96.54.120
384,Gradey,Farleigh,gfarleighan@jigsy.com,Male,173.225.8.156
385,Aurlie,Dumbellow,adumbellowao@sogou.com,Female,219.32.106.89
386,Berkie,Mingey,bmingeyap@dmoz.org,Male,137.94.18.60
387,Preston,Marrow,pmarrowaq@cloudflare.com,Genderfluid,120.174.202.248
388,Barrett,Conaghan,bconaghanar@baidu.com,Male,47.166.26.52
389,Margette,Gozard,mgozardas@wordpress.com,Female,252.235.28.64
390,Toma,Nicholas,tnicholasat@sfgate.com,Female,171.143.94.243
391,Caryl,Wallett,cwallettau@skype.com,Female,195.183.59.125
392,Neill,Rigney,nrigneyav@fotki.com,Male,153.237.166.30
393,Craggie,Chastenet,cchastenetaw@admin.ch,Male,222.5.144.51
394,Luther,Peto,lpetoax@apache.org,Male,213.173.243.32
395,Conn,Smouten,csmoutenay@surveymonkey.com,Male,112.201.244.197
396,Gabi,Margeram,gmargeramaz@youku.com,Female,145.215.203.239
397,Valina,Shevlane,vshevlaneb0@nbcnews.com,Female,43.180.11.33
398,Burk,Rossetti,brossettib1@altervista.org,Bigender,251.57.166.190
399,Jacquelynn,Chamley,jchamleyb2@tripod.com,Genderfluid,22.12.34.221
400,Phyllys,Presho,ppreshob3@twitter.com,Female,73.216.204.65
401,Shirley,Pickaver,spickaverb4@harvard.edu,Female,195.154.233.92
402,Ricard,McMechan,rmcmechanb5@themeforest.net,Bigender,78.25.169.29
403,Marsh,Cana,mcanab6@smugmug.com,Genderqueer,16.87.1.183
404,Kendrick,Howroyd,khowroydb7@about.me,Male,174.137.20.222
405,Darnell,Lamping,dlampingb8@vimeo.com,Male,122.137.191.253
406,Linnet,Riggs,lriggsb9@woothemes.com,Female,155.87.48.112
407,Langston,Tiplady,ltipladyba@flickr.com,Male,134.70.254.228
408,Belicia,Hollingdale,bhollingdalebb@surveymonkey.com,Non-binary,70.221.152.5
409,Genvieve,Abbate,gabbatebc@cnbc.com,Female,178.109.237.225
410,Aldo,Carlyle,acarlylebd@w3.org,Male,192.207.110.56
411,Di,Siggery,dsiggerybe@typepad.com,Bigender,86.253.49.140
412,Elvyn,Catonnet,ecatonnetbf@networkadvertising.org,Male,33.75.176.39
413,Darsey,Randals,drandalsbg@comsenz.com,Polygender,249.81.60.165
414,Cyndia,Pappi,cpappibh@google.fr,Female,146.33.78.64
415,Sophi,Popelay,spopelaybi@nifty.com,Female,157.147.52.244
416,Lorrie,Mcettrick,lmcettrickbj@webs.com,Female,36.151.200.175
417,Chas,Meake,cmeakebk@statcounter.com,Male,176.213.13.158
418,Sallie,Fowden,sfowdenbl@tripadvisor.com,Female,95.18.112.120
419,Wallace,Gilbard,wgilbardbm@constantcontact.com,Male,19.84.58.45
420,Eduard,Bernth,ebernthbn@eepurl.com,Male,141.142.113.4
421,Tommie,Carnaman,tcarnamanbo@unc.edu,Female,111.89.37.234
422,Lyndy,Feldhammer,lfeldhammerbp@columbia.edu,Female,2.173.26.11
423,Casandra,Duprey,cdupreybq@disqus.com,Female,137.50.96.237
424,Oneida,Huggons,ohuggonsbr@netlog.com,Female,222.156.236.60
425,Godfree,Bartlam,gbartlambs@unesco.org,Male,66.93.218.58
426,Ashton,Belfield,abelfieldbt@last.fm,Male,154.19.243.101
427,Nickola,Boobier,nboobierbu@amazon.co.jp,Male,190.153.209.20
428,Lenette,Fiddler,lfiddlerbv@jigsy.com,Female,110.112.154.45
429,Dalli,Bowgen,dbowgenbw@dell.com,Male,118.153.130.61
430,Lev,Faragher,lfaragherbx@springer.com,Male,237.203.161.199
431,Mirilla,Blitzer,mblitzerby@privacy.gov.au,Female,179.95.188.240
432,Bartholomeo,Sealeaf,bsealeafbz@google.co.jp,Male,246.51.91.84
433,June,De Hoogh,jdehooghc0@sogou.com,Female,255.216.238.27
434,Salomone,Taffie,staffiec1@epa.gov,Male,53.222.184.97
435,Aloin,Jowling,ajowlingc2@amazon.com,Male,34.44.61.252
436,Cybil,Henrionot,chenrionotc3@icq.com,Female,61.139.60.159
437,Erna,Holligan,eholliganc4@google.com.br,Female,218.26.187.250
438,Quincey,Hlavecek,qhlavecekc5@youtube.com,Male,1.85.186.205
439,Germain,Tift,gtiftc6@hud.gov,Female,42.84.67.121
440,Cher,Hele,chelec7@artisteer.com,Female,105.192.192.12
441,Ariela,Wildber,awildberc8@arizona.edu,Female,42.206.120.211
442,Marlon,Gatrill,mgatrillc9@ovh.net,Male,226.66.154.144
443,Tamra,Yurenev,tyurenevca@facebook.com,Female,193.156.227.178
444,Toiboid,Bertson,tbertsoncb@tripadvisor.com,Male,125.62.68.19
445,Atlanta,Demeter,ademetercc@taobao.com,Female,173.129.69.59
446,Thorny,Ilyukhov,tilyukhovcd@disqus.com,Male,205.202.175.75
447,Sigmund,McPhee,smcpheece@kickstarter.com,Male,166.122.112.17
448,Wylie,Gloucester,wgloucestercf@paypal.com,Male,120.53.172.18
449,Ilyssa,Foystone,ifoystonecg@rediff.com,Female,232.62.251.112
450,Shay,Jesper,sjesperch@epa.gov,Male,198.0.236.152
451,Stafani,Borgars,sborgarsci@ucsd.edu,Female,160.157.132.112
452,Kit,Manby,kmanbycj@slate.com,Male,213.6.130.162
453,Lucia,Yakunkin,lyakunkinck@cdc.gov,Female,10.107.1.215
454,Sophronia,Elderkin,selderkincl@yandex.ru,Agender,129.115.7.182
455,Celine,Ledgerton,cledgertoncm@abc.net.au,Polygender,68.24.122.190
456,Brady,Pettipher,bpettiphercn@twitter.com,Male,162.19.140.40
457,Forbes,Beyne,fbeyneco@indiegogo.com,Male,3.13.133.66
458,Cristionna,Pendred,cpendredcp@ucoz.com,Female,206.109.25.204
459,Carita,English,cenglishcq@spotify.com,Female,114.152.239.132
460,Alanna,Pydcock,apydcockcr@wufoo.com,Female,240.68.54.159
461,Benjamen,Megainey,bmegaineycs@bbb.org,Male,190.115.145.110
462,Nolana,O'Hone,nohonect@pcworld.com,Female,248.109.7.87
463,Caprice,Rhydderch,crhydderchcu@yellowpages.com,Female,218.178.210.115
464,Kial,Klewi,kklewicv@miitbeian.gov.cn,Genderfluid,13.86.169.118
465,Cynthea,De Souza,cdesouzacw@amazon.com,Female,219.222.13.51
466,Guenna,Elgram,gelgramcx@flavors.me,Female,113.76.207.128
467,Nickie,Paddington,npaddingtoncy@amazonaws.com,Male,51.142.225.129
468,Quintin,Rabbatts,qrabbattscz@guardian.co.uk,Male,65.71.241.79
469,Gunther,Kimbell,gkimbelld0@wunderground.com,Bigender,177.156.126.13
470,Jeno,Blackwell,jblackwelld1@meetup.com,Male,217.21.84.93
471,Natividad,Bridel,nbrideld2@mayoclinic.com,Female,183.242.214.7
472,Lani,Hambridge,lhambridged3@time.com,Female,113.246.190.139
473,Normy,Scragg,nscraggd4@amazon.co.jp,Agender,200.58.144.16
474,Rhody,Crow,rcrowd5@dell.com,Female,177.188.117.219
475,Merill,Gaddes,mgaddesd6@weebly.com,Male,179.166.100.138
476,Irena,Lynett,ilynettd7@theatlantic.com,Female,32.67.161.33
477,Candi,Kleiser,ckleiserd8@businesswire.com,Female,187.3.105.146
478,Quinton,Arrigucci,qarriguccid9@harvard.edu,Male,51.225.212.121
479,Bronnie,Acum,bacumda@youku.com,Male,191.79.12.96
480,Aryn,Sparshott,asparshottdb@phpbb.com,Female,0.7.187.207
481,Halie,Pentycost,hpentycostdc@ucoz.com,Female,55.199.141.127
482,Cchaddie,Tarpey,ctarpeydd@godaddy.com,Male,63.25.116.136
483,Melesa,Biskup,mbiskupde@cnet.com,Female,79.233.14.215
484,Kathrine,Varlow,kvarlowdf@youtube.com,Female,178.71.83.233
485,Conway,Dybell,cdybelldg@irs.gov,Male,89.167.176.219
486,Bridget,Christaeas,bchristaeasdh@msu.edu,Genderfluid,157.69.112.119
487,Nissa,Dzeniskevich,ndzeniskevichdi@blogs.com,Female,198.201.69.244
488,Patrick,Dabnor,pdabnordj@mail.ru,Male,41.38.147.155
489,Tan,McDougle,tmcdougledk@usnews.com,Male,198.171.89.116
490,Jdavie,Scurfield,jscurfielddl@google.it,Male,21.121.252.214
491,Chrotoem,Botley,cbotleydm@odnoklassniki.ru,Male,81.178.15.161
492,Agatha,Polycote,apolycotedn@netscape.com,Female,246.201.23.76
493,Hermia,Lowy,hlowydo@princeton.edu,Female,18.57.239.6
494,Dierdre,Rosenberger,drosenbergerdp@goo.ne.jp,Female,55.246.42.136
495,Brandy,Angrick,bangrickdq@cloudflare.com,Female,117.14.161.59
496,Auria,Vakhlov,avakhlovdr@artisteer.com,Female,123.160.109.76
497,Jaimie,Mein,jmeinds@t.co,Female,240.169.22.58
498,Darcee,Hartzog,dhartzogdt@nhs.uk,Female,140.240.168.226
499,Nana,Jemmett,njemmettdu@ustream.tv,Female,51.247.241.182
500,Winn,Ormesher,wormesherdv@newsvine.com,Male,46.195.74.59
501,Hettie,Lefley,hlefleydw@npr.org,Female,159.83.201.13
502,Errol,Lefeaver,elefeaverdx@slashdot.org,Male,6.196.95.12
503,Ulysses,Rabley,urableydy@oracle.com,Male,225.5.98.150
504,Kaylil,Simonsson,ksimonssondz@fda.gov,Genderqueer,13.120.217.72
505,Duffie,Proppers,dpropperse0@samsung.com,Male,3.159.200.146
506,Connie,Sargeant,csargeante1@nature.com,Female,57.3.149.181
507,Veronica,Harden,vhardene2@seattletimes.com,Genderfluid,247.83.29.97
508,Bride,Dumbreck,bdumbrecke3@ihg.com,Female,168.128.167.88
509,Hillier,Sulley,hsulleye4@ifeng.com,Male,48.12.140.59
510,Sella,Mallard,smallarde5@plala.or.jp,Female,200.220.105.103
511,Benjamin,Relton,breltone6@sakura.ne.jp,Male,116.121.38.84
512,Irwin,Clynmans,iclynmanse7@jugem.jp,Male,227.104.189.83
513,Alyson,Harragin,aharragine8@sciencedaily.com,Female,140.56.250.175
514,Izak,Grandham,igrandhame9@pcworld.com,Male,18.138.225.25
515,Rabi,Pearcey,rpearceyea@seattletimes.com,Male,232.132.216.229
516,Con,Vasenin,cvasenineb@marriott.com,Male,16.56.75.197
517,Paulo,Rainbird,prainbirdec@disqus.com,Male,84.104.26.93
518,Janot,McDyer,jmcdyered@google.it,Female,3.7.214.109
519,Helga,Gueinn,hgueinnee@nba.com,Female,0.94.250.142
520,Krissy,Patek,kpatekef@cdbaby.com,Female,22.14.141.167
521,Lorant,Tenwick,ltenwickeg@mozilla.org,Male,8.224.242.213
522,Neale,Tomaskov,ntomaskoveh@nymag.com,Male,34.72.87.239
523,Guilbert,Hearfield,ghearfieldei@sina.com.cn,Male,149.98.93.193
524,Radcliffe,Litherborough,rlitherboroughej@yellowbook.com,Male,15.235.211.243
525,Jany,Whicher,jwhicherek@nbcnews.com,Female,221.81.234.41
526,Roma,Luigi,rluigiel@sakura.ne.jp,Male,213.111.241.109
527,Milissent,Olivelli,molivelliem@de.vu,Female,173.139.100.236
528,Rebeca,Mewe,rmeween@furl.net,Female,95.1.46.163
529,Marietta,Siggin,msiggineo@exblog.jp,Female,5.129.156.203
530,Antonina,Budleigh,abudleighep@biglobe.ne.jp,Female,85.15.172.20
531,Dahlia,Mancktelow,dmanckteloweq@tripod.com,Female,131.142.175.224
532,Kelci,Potteridge,kpotteridgeer@sohu.com,Female,126.65.102.223
533,Atalanta,Filisov,afilisoves@cloudflare.com,Female,128.97.249.203
534,Coriss,Buckie,cbuckieet@shinystat.com,Female,64.174.120.114
535,Louie,Mounch,lmouncheu@dion.ne.jp,Male,198.30.32.31
536,Amargo,Ferrar,aferrarev@hostgator.com,Female,226.215.11.174
537,Corena,Guidoni,cguidoniew@thetimes.co.uk,Female,8.242.20.252
538,Noelani,Chittie,nchittieex@huffingtonpost.com,Female,61.32.156.239
539,Parsifal,Algore,palgoreey@tinyurl.com,Male,21.229.29.18
540,Tan,Marrow,tmarrowez@blog.com,Male,96.167.85.5
541,Geoffry,Halfpenny,ghalfpennyf0@admin.ch,Male,201.7.58.158
542,Hildagard,Michieli,hmichielif1@reverbnation.com,Female,225.157.254.35
543,Nikolai,Deegin,ndeeginf2@comsenz.com,Male,58.125.87.204
544,Aurelie,Zavattieri,azavattierif3@indiatimes.com,Female,146.204.150.29
545,Leigha,Scrivens,lscrivensf4@virginia.edu,Female,209.77.218.160
546,Eustacia,Parres,eparresf5@clickbank.net,Female,224.7.213.145
547,Jordanna,Jarritt,jjarrittf6@linkedin.com,Female,194.39.53.129
548,Aryn,Flaherty,aflahertyf7@telegraph.co.uk,Female,43.221.169.148
549,Jeralee,Handmore,jhandmoref8@edublogs.org,Female,8.234.208.163
550,Romona,Huggon,rhuggonf9@jugem.jp,Female,63.209.216.141
551,Abbie,Klaas,aklaasfa@chronoengine.com,Female,135.76.139.147
552,Bren,Georgeson,bgeorgesonfb@arstechnica.com,Male,4.224.71.147
553,Sile,Duesberry,sduesberryfc@delicious.com,Female,241.11.117.102
554,Wallas,Alldritt,walldrittfd@webmd.com,Male,175.193.216.62
555,Elwyn,Marwick,emarwickfe@dedecms.com,Male,185.11.91.166
556,Phillip,Voaden,pvoadenff@mediafire.com,Male,10.51.220.180
557,Sarina,Urwin,surwinfg@whitehouse.gov,Female,65.96.20.56
558,Irma,Brokenshaw,ibrokenshawfh@senate.gov,Female,230.72.87.138
559,Kathryne,Reddell,kreddellfi@umn.edu,Female,161.205.43.217
560,Eadmund,Defau,edefaufj@homestead.com,Male,225.16.74.124
561,Hartley,De la Yglesias,hdelayglesiasfk@mlb.com,Male,149.27.190.61
562,Paddy,Weavill,pweavillfl@usda.gov,Male,39.96.153.82
563,Abigale,Ximenez,aximenezfm@tuttocitta.it,Female,116.191.174.57
564,Flem,Hosier,fhosierfn@icio.us,Male,128.201.169.131
565,Alphonse,Oloshin,aoloshinfo@zdnet.com,Male,208.227.111.239
566,Lora,Horbath,lhorbathfp@ftc.gov,Female,112.57.221.23
567,Darwin,Gillet,dgilletfq@alibaba.com,Male,87.150.191.24
568,Brock,Seres,bseresfr@ebay.com,Male,37.75.107.241
569,Joela,Francello,jfrancellofs@ocn.ne.jp,Female,15.231.239.221
570,Audrey,Eltringham,aeltringhamft@plala.or.jp,Genderqueer,9.89.90.144
571,Hube,Ridett,hridettfu@google.com.br,Male,182.92.61.73
572,Ally,Riehm,ariehmfv@goodreads.com,Female,140.106.183.50
573,Feliks,Zukierman,fzukiermanfw@sogou.com,Male,101.182.230.248
574,Gerty,McVicker,gmcvickerfx@bbb.org,Female,109.118.12.92
575,Meryl,Dailly,mdaillyfy@theguardian.com,Male,30.125.149.125
576,Arny,Kingsmill,akingsmillfz@myspace.com,Male,160.163.92.111
577,Blondelle,Giovannelli,bgiovannellig0@wiley.com,Female,78.221.247.198
578,Kat,Ebbett,kebbettg1@abc.net.au,Female,191.161.135.69
579,Jaimie,Truitt,jtruittg2@epa.gov,Male,29.48.126.199
580,Silas,Burkhill,sburkhillg3@sciencedaily.com,Male,37.104.40.16
581,Mel,Griston,mgristong4@loc.gov,Male,165.136.29.80
582,Tallia,Lumley,tlumleyg5@imdb.com,Female,41.219.80.212
583,Bryan,Wildey,bwildeyg6@mashable.com,Male,64.175.3.250
584,Kare,McCowan,kmccowang7@networkadvertising.org,Female,167.102.200.138
585,Nolan,Bertholin,nbertholing8@netscape.com,Male,233.108.104.96
586,Fidel,Subhan,fsubhang9@dailymotion.com,Male,193.201.167.48
587,Stevie,Navein,snaveinga@yale.edu,Male,252.181.118.241
588,Christie,Jaffrey,cjaffreygb@spotify.com,Male,51.92.133.87
589,Juan,Frew,jfrewgc@omniture.com,Male,229.51.76.148
590,Hal,Coe,hcoegd@ca.gov,Agender,69.131.77.130
591,Willy,Chaffey,wchaffeyge@google.com,Male,206.133.173.218
592,Dorise,Levesque,dlevesquegf@comsenz.com,Genderfluid,189.161.93.198
593,Barbaraanne,Keune,bkeunegg@bloomberg.com,Female,49.71.92.44
594,Rosalie,De Avenell,rdeavenellgh@youku.com,Female,173.155.198.142
595,Jilli,Cordelle,jcordellegi@usa.gov,Genderfluid,2.223.222.219
596,Jourdain,McAlees,jmcaleesgj@latimes.com,Male,38.91.239.172
597,Lulita,Gladdish,lgladdishgk@youtu.be,Female,91.68.185.136
598,Isidro,Jenyns,ijenynsgl@nationalgeographic.com,Male,99.74.185.242
599,Maria,Stenyng,mstenynggm@comsenz.com,Female,113.138.217.20
600,Kathe,Peploe,kpeploegn@washingtonpost.com,Female,0.61.252.27
601,Theodore,Didsbury,tdidsburygo@mozilla.org,Male,176.174.49.85
602,Joellen,Weir,jweirgp@dyndns.org,Polygender,235.104.224.76
603,Wynny,MacGarrity,wmacgarritygq@yandex.ru,Female,85.139.191.178
604,Merrielle,Gillespey,mgillespeygr@wix.com,Female,21.207.37.147
605,Gena,Kovelmann,gkovelmanngs@cmu.edu,Female,245.111.84.126
606,Haily,Michieli,hmichieligt@cdbaby.com,Female,27.80.83.34
607,Teodorico,Oxer,toxergu@hostgator.com,Male,226.26.166.106
608,Sammy,Mityashin,smityashingv@mail.ru,Male,133.231.12.0
609,Barbabas,Surgen,bsurgengw@harvard.edu,Male,86.230.23.27
610,Darn,Le Brun,dlebrungx@samsung.com,Male,45.125.121.73
611,Berte,Tourot,btourotgy@furl.net,Female,115.55.208.207
612,Lesly,Cosens,lcosensgz@behance.net,Non-binary,73.213.74.10
613,Sutherlan,Blooman,sbloomanh0@bravesites.com,Male,34.178.127.120
614,Ame,Hardesty,ahardestyh1@rambler.ru,Female,69.61.144.162
615,Noelyn,Decaze,ndecazeh2@sohu.com,Female,221.159.148.151
616,Kassia,Fasey,kfaseyh3@last.fm,Genderfluid,136.194.218.164
617,Irv,Soro,isoroh4@wufoo.com,Male,28.239.204.49
618,Gianni,Clowley,gclowleyh5@reference.com,Male,141.220.176.248
619,Selia,Hobben,shobbenh6@blog.com,Female,140.244.8.163
620,Ash,Gavini,agavinih7@flickr.com,Genderqueer,192.186.199.27
621,Gabie,Haggart,ghaggarth8@vimeo.com,Female,118.100.96.58
622,Jakie,Gradley,jgradleyh9@cornell.edu,Male,125.57.24.76
623,Branden,Vickerstaff,bvickerstaffha@senate.gov,Non-binary,228.142.16.205
624,Mariam,Hooban,mhoobanhb@sbwire.com,Female,153.192.64.132
625,Ashlan,Sicily,asicilyhc@time.com,Female,55.139.27.247
626,Agnes,Barrett,abarretthd@about.com,Female,227.125.220.155
627,Frazier,Kempshall,fkempshallhe@behance.net,Male,168.230.176.61
628,North,Sherratt,nsherratthf@google.cn,Male,99.141.154.8
629,Layla,O'Docherty,lodochertyhg@goo.gl,Genderfluid,204.155.82.186
630,Bastien,Kinrade,bkinradehh@samsung.com,Male,15.86.58.130
631,Gabi,Sturzaker,gsturzakerhi@latimes.com,Male,208.123.149.168
632,Gaby,Cush,gcushhj@newsvine.com,Polygender,167.232.218.63
633,Farand,Tregust,ftregusthk@usda.gov,Female,186.113.166.165
634,Homere,Swinnerton,hswinnertonhl@state.tx.us,Male,124.195.102.146
635,Byron,Moralas,bmoralashm@merriam-webster.com,Male,173.77.15.190
636,Celina,Penhall,cpenhallhn@is.gd,Female,78.89.94.116
637,Cass,Bottby,cbottbyho@walmart.com,Polygender,178.140.101.95
638,Marcus,Banbury,mbanburyhp@ameblo.jp,Non-binary,18.201.201.105
639,Trula,Wynes,twyneshq@123-reg.co.uk,Female,16.89.97.156
640,Nedi,Barnish,nbarnishhr@ted.com,Female,225.77.91.115
641,Allard,Kopta,akoptahs@deliciousdays.com,Polygender,97.49.136.95
642,Donn,Girardini,dgirardiniht@4shared.com,Male,134.43.206.198
643,Jeffry,Haseman,jhasemanhu@homestead.com,Male,192.253.161.180
644,Hermie,Baber,hbaberhv@desdev.cn,Male,160.211.217.180
645,Dory,Barbary,dbarbaryhw@ted.com,Female,164.247.104.129
646,Germaine,Bodycombe,gbodycombehx@noaa.gov,Female,6.148.252.23
647,Dionne,Sauvan,dsauvanhy@cbslocal.com,Female,81.196.22.14
648,Marijn,Slipper,mslipperhz@psu.edu,Male,254.118.149.18
649,Jacques,Cobbing,jcobbingi0@github.io,Male,94.61.36.19
650,Filbert,Ducarne,fducarnei1@homestead.com,Male,166.180.81.19
651,Nonna,Garment,ngarmenti2@wisc.edu,Female,127.87.104.66
652,Ganny,Horry,ghorryi3@elegantthemes.com,Male,246.85.157.58
653,Pietrek,Lawtey,plawteyi4@flavors.me,Male,212.146.109.93
654,Anna-diana,Ruffy,aruffyi5@cnet.com,Female,207.127.68.214
655,Chick,Churms,cchurmsi6@bloglovin.com,Male,31.230.28.0
656,Christen,Duding,cdudingi7@arstechnica.com,Female,118.1.28.84
657,Phillie,Brittain,pbrittaini8@bloomberg.com,Female,48.63.79.17
658,Dorothea,Goodlife,dgoodlifei9@ucla.edu,Female,180.207.43.198
659,Trisha,Fassum,tfassumia@vimeo.com,Female,247.42.97.35
660,Julian,Beechcraft,jbeechcraftib@woothemes.com,Male,234.136.113.149
661,Benedikta,Costerd,bcosterdic@paypal.com,Female,127.61.217.208
662,Kaylee,Enticknap,kenticknapid@sina.com.cn,Female,141.66.38.33
663,Izabel,Mattityahou,imattityahouie@ezinearticles.com,Female,223.13.214.181
664,Gar,Franceschino,gfranceschinoif@creativecommons.org,Male,81.88.35.25
665,Darya,Gonzalez,dgonzalezig@posterous.com,Female,70.176.26.164
666,Darb,Connochie,dconnochieih@vimeo.com,Non-binary,67.19.163.204
667,Darryl,Gerrets,dgerretsii@linkedin.com,Female,150.199.216.249
668,Woodman,Cowap,wcowapij@booking.com,Male,49.246.71.111
669,Judd,Jedrzejewicz,jjedrzejewiczik@icq.com,Male,173.141.23.28
670,Madlin,Bispham,mbisphamil@ning.com,Female,201.107.223.66
671,Kellen,Torrisi,ktorrisiim@goo.gl,Female,129.216.226.173
672,Quintilla,Ventum,qventumin@webnode.com,Female,167.20.84.203
673,Terrye,Kinleyside,tkinleysideio@psu.edu,Female,187.7.10.96
674,Hyacinthie,Gatheridge,hgatheridgeip@bloomberg.com,Female,211.246.183.210
675,Kelcy,Sawbridge,ksawbridgeiq@wsj.com,Female,193.179.239.212
676,Kattie,Holson,kholsonir@nyu.edu,Female,255.108.197.154
677,Gusty,Ishaki,gishakiis@walmart.com,Female,54.48.184.5
678,Ingrim,Dives,idivesit@rambler.ru,Male,20.26.87.164
679,Daisy,Lummasana,dlummasanaiu@google.it,Female,78.192.81.252
680,Gerianne,Gutowska,ggutowskaiv@meetup.com,Female,126.48.58.175
681,Franzen,Lamplough,flamploughiw@dmoz.org,Bigender,254.102.81.106
682,Ruddie,Tunuy,rtunuyix@nymag.com,Male,227.157.174.135
683,Sheilakathryn,Lusher,slusheriy@adobe.com,Female,173.152.179.139
684,Estele,Stooke,estookeiz@uiuc.edu,Female,232.249.251.249
685,Garner,Bockler,gbocklerj0@buzzfeed.com,Male,185.220.90.81
686,Bertie,Easdon,beasdonj1@addthis.com,Male,41.101.240.118
687,Dwain,Haslock(e),dhaslockej2@usda.gov,Male,99.166.36.6
688,Janel,Scarlet,jscarletj3@reverbnation.com,Female,48.17.4.184
689,Loree,Lyste,llystej4@ucoz.com,Bigender,44.239.250.85
690,Orelie,Sharrem,osharremj5@wsj.com,Female,39.237.97.7
691,Mallorie,Doble,mdoblej6@skyrock.com,Genderfluid,204.151.203.103
692,Alexis,Lacotte,alacottej7@histats.com,Female,118.149.123.227
693,Gaelan,Westlake,gwestlakej8@imageshack.us,Male,1.170.238.209
694,Davey,Flannery,dflanneryj9@yelp.com,Male,142.102.190.141
695,Bianca,Danilyak,bdanilyakja@mlb.com,Female,128.162.235.74
696,Carline,Carlens,ccarlensjb@angelfire.com,Female,207.219.212.25
697,Alwyn,Siggery,asiggeryjc@walmart.com,Male,156.176.41.72
698,Hildy,Muldrew,hmuldrewjd@wikia.com,Female,164.190.242.142
699,Merla,Gallgher,mgallgherje@loc.gov,Female,9.165.153.213
700,Micheal,Elizabeth,melizabethjf@state.gov,Male,252.103.70.223
701,Joy,Mayler,jmaylerjg@qq.com,Female,135.148.185.97
702,Chelsea,Jillis,cjillisjh@telegraph.co.uk,Female,43.121.177.70
703,Graeme,Maunders,gmaundersji@blogger.com,Male,36.212.227.101
704,Camile,Greenig,cgreenigjj@hexun.com,Female,225.235.133.3
705,Cammy,Cunde,ccundejk@homestead.com,Male,136.75.54.37
706,Inez,Cartwight,icartwightjl@edublogs.org,Bigender,199.223.197.25
707,Elfrieda,Keasley,ekeasleyjm@privacy.gov.au,Non-binary,175.183.134.4
708,Belia,Chirm,bchirmjn@epa.gov,Female,92.93.35.130
709,Katheryn,Jennaway,kjennawayjo@oracle.com,Female,192.230.22.174
710,Esdras,Goves,egovesjp@timesonline.co.uk,Male,159.245.83.219
711,Bunny,Waddams,bwaddamsjq@aol.com,Female,77.149.17.124
712,Bella,Howey,bhoweyjr@discuz.net,Female,99.47.62.246
713,Ulrich,O' Shea,uosheajs@fema.gov,Male,6.67.114.52
714,Gypsy,Netti,gnettijt@trellian.com,Female,229.30.188.45
715,Walsh,Cuttler,wcuttlerju@xrea.com,Male,1.167.110.104
716,Shanda,Paske,spaskejv@utexas.edu,Female,44.136.2.82
717,Clary,Jurzyk,cjurzykjw@mozilla.org,Genderqueer,207.190.81.127
718,Welsh,Braunlein,wbraunleinjx@goo.ne.jp,Male,242.132.182.144
719,Gard,Bothbie,gbothbiejy@1688.com,Male,244.215.225.99
720,Aggy,Busson,abussonjz@about.com,Female,246.189.20.130
721,April,Biaggi,abiaggik0@toplist.cz,Female,98.140.69.64
722,Magnum,Senyard,msenyardk1@ocn.ne.jp,Male,218.203.255.188
723,Ronalda,Lantoph,rlantophk2@oakley.com,Female,19.199.74.62
724,Casar,Stavers,cstaversk3@harvard.edu,Male,251.138.149.238
725,Loren,Giannassi,lgiannassik4@washingtonpost.com,Female,106.83.101.201
726,Bearnard,Wackley,bwackleyk5@hao123.com,Male,51.41.35.124
727,Wenda,Nicholls,wnichollsk6@opensource.org,Female,229.95.181.44
728,Earle,Rountree,erountreek7@w3.org,Male,56.81.30.131
729,Barrett,Sigsworth,bsigsworthk8@feedburner.com,Male,197.95.84.145
730,Jarib,Stocken,jstockenk9@bluehost.com,Male,86.79.13.140
731,Trueman,Murt,tmurtka@hexun.com,Male,15.70.0.144
732,Dniren,Murtell,dmurtellkb@answers.com,Genderfluid,165.175.18.205
733,Sidonia,Trime,strimekc@nhs.uk,Female,137.172.160.240
734,Cchaddie,Wilkinson,cwilkinsonkd@zdnet.com,Male,195.25.243.217
735,Veronique,Branston,vbranstonke@imageshack.us,Female,22.251.236.245
736,Kassie,Haulkham,khaulkhamkf@army.mil,Female,124.22.234.78
737,Con,McLenaghan,cmclenaghankg@merriam-webster.com,Male,247.172.159.143
738,Myranda,Billinge,mbillingekh@blogtalkradio.com,Female,170.242.180.170
739,Arabela,Ackeroyd,aackeroydki@google.it,Female,37.16.250.207
740,Townsend,Thurstance,tthurstancekj@sogou.com,Male,131.162.31.2
741,Lucina,Arkcoll,larkcollkk@nps.gov,Genderqueer,190.241.194.81
742,Wainwright,Caldera,wcalderakl@themeforest.net,Male,218.226.43.177
743,Ardisj,Shoulders,ashoulderskm@parallels.com,Female,188.146.243.13
744,Guthry,Tommei,gtommeikn@google.co.jp,Male,30.64.160.156
745,Abbe,Kyberd,akyberdko@bravesites.com,Female,125.239.173.242
746,Tanhya,Torregiani,ttorregianikp@cisco.com,Female,90.114.210.162
747,Gerrilee,Jewster,gjewsterkq@unc.edu,Female,96.143.120.218
748,Blaire,Jenicek,bjenicekkr@tiny.cc,Female,137.23.82.174
749,Shermie,Confort,sconfortks@smh.com.au,Male,225.150.176.221
750,Ludwig,Yashanov,lyashanovkt@cbsnews.com,Male,191.138.189.163
751,Genvieve,Chaplin,gchaplinku@ovh.net,Female,174.3.75.70
752,Keslie,Joost,kjoostkv@addtoany.com,Female,86.11.7.225
753,Charlie,Vardey,cvardeykw@soup.io,Male,85.156.229.132
754,Shadow,Goodhall,sgoodhallkx@chicagotribune.com,Male,134.51.164.218
755,Mose,Curnok,mcurnokky@creativecommons.org,Agender,129.65.37.26
756,Vladamir,Dangerfield,vdangerfieldkz@scribd.com,Male,244.62.236.232
757,Nanete,Boltwood,nboltwoodl0@washingtonpost.com,Female,178.83.250.67
758,Deeyn,Abrahm,dabrahml1@economist.com,Female,18.238.102.154
759,Ollie,McElory,omceloryl2@netlog.com,Male,141.9.131.154
760,Mildred,Merrgan,mmerrganl3@uol.com.br,Female,146.226.180.115
761,Belle,Klagges,bklaggesl4@paginegialle.it,Female,189.17.89.185
762,Uri,Brewins,ubrewinsl5@qq.com,Male,137.237.124.99
763,Daron,Truswell,dtruswelll6@china.com.cn,Female,46.109.62.100
764,Johnathan,Winwright,jwinwrightl7@plala.or.jp,Male,144.112.165.154
765,Myrtle,Birkett,mbirkettl8@a8.net,Female,50.1.21.189
766,Davin,Glasbey,dglasbeyl9@discovery.com,Male,175.214.220.70
767,Garv,Bendix,gbendixla@wordpress.org,Male,243.5.177.188
768,Rainer,Greatrex,rgreatrexlb@oaic.gov.au,Male,46.215.143.59
769,Stoddard,Floch,sflochlc@gravatar.com,Female,222.131.233.185
770,Vidovik,Sandbrook,vsandbrookld@bigcartel.com,Male,108.11.54.56
771,Fleurette,Calltone,fcalltonele@cnbc.com,Female,11.201.50.179
772,Dodi,Hearsum,dhearsumlf@weebly.com,Female,218.112.138.78
773,Teddie,Orrice,torricelg@illinois.edu,Bigender,111.119.152.66
774,Inessa,Cuppitt,icuppittlh@moonfruit.com,Female,53.51.145.170
775,Lexie,Huison,lhuisonli@jigsy.com,Female,83.107.248.135
776,Maurine,MacKerley,mmackerleylj@oaic.gov.au,Female,201.133.167.151
777,Tulley,Lansdown,tlansdownlk@symantec.com,Male,225.240.2.53
778,Syman,Laycock,slaycockll@icio.us,Male,250.43.199.235
779,El,Dober,edoberlm@gov.uk,Male,136.79.193.106
780,Cullie,Hanhardt,chanhardtln@1688.com,Male,226.101.239.105
781,Benoit,Thorneloe,bthorneloelo@liveinternet.ru,Male,11.196.140.39
782,Sasha,Simunek,ssimuneklp@irs.gov,Male,249.181.15.249
783,Rosaleen,Thickens,rthickenslq@sciencedaily.com,Female,180.223.109.209
784,Loralyn,Searsby,lsearsbylr@nasa.gov,Female,15.43.121.150
785,Valma,Sinnatt,vsinnattls@ca.gov,Female,171.161.215.88
786,Cal,Pickworth,cpickworthlt@nih.gov,Male,178.11.135.127
787,Hy,Boller,hbollerlu@dagondesign.com,Male,239.86.183.249
788,Maje,MacAlroy,mmacalroylv@blog.com,Male,147.34.59.213
789,Belva,Kaindl,bkaindllw@nba.com,Female,240.198.14.91
790,Carlynn,Grigolli,cgrigollilx@dedecms.com,Female,237.139.222.52
791,Christoph,Tretter,ctretterly@soundcloud.com,Male,246.138.104.138
792,Manon,Knottley,mknottleylz@microsoft.com,Female,114.52.2.77
793,Fleming,Cuttelar,fcuttelarm0@themeforest.net,Male,103.228.200.106
794,Helena,Strainge,hstraingem1@youtube.com,Female,3.251.61.187
795,Goldie,Ashenhurst,gashenhurstm2@biblegateway.com,Agender,101.83.181.110
796,Kikelia,Bitten,kbittenm3@wikia.com,Non-binary,86.85.103.122
797,Joline,Stobart,jstobartm4@princeton.edu,Female,11.149.37.199
798,Caspar,Jeffery,cjefferym5@oaic.gov.au,Male,92.116.165.84
799,Zollie,Chicotti,zchicottim6@typepad.com,Male,243.216.125.3
800,Kimberley,Fuentes,kfuentesm7@washington.edu,Female,91.25.244.77
801,Amerigo,Swinerd,aswinerdm8@bloomberg.com,Male,222.89.43.53
802,Ellen,Billanie,ebillaniem9@e-recht24.de,Polygender,125.118.79.72
803,Jobie,Longo,jlongoma@ebay.co.uk,Female,227.140.87.209
804,Joyann,Grote,jgrotemb@cbsnews.com,Female,9.75.240.130
805,Quincy,Whatsize,qwhatsizemc@sitemeter.com,Male,38.123.122.244
806,Cooper,Glasper,cglaspermd@sina.com.cn,Bigender,95.213.124.76
807,Jasun,Conkay,jconkayme@furl.net,Male,111.0.18.16
808,Darby,Matveiko,dmatveikomf@google.co.jp,Female,240.91.34.190
809,Bail,Loadsman,bloadsmanmg@apple.com,Male,235.154.176.86
810,Selina,Oldridge,soldridgemh@alibaba.com,Female,193.123.113.177
811,Ginger,Crofts,gcroftsmi@nifty.com,Male,75.62.224.113
812,Alvera,Dailey,adaileymj@japanpost.jp,Female,189.139.229.32
813,Sapphire,Chafney,schafneymk@dot.gov,Female,69.122.191.28
814,Henryetta,Oscroft,hoscroftml@printfriendly.com,Female,225.27.35.236
815,Claiborne,Athow,cathowmm@ft.com,Male,184.169.240.180
816,Sheila-kathryn,Clingoe,sclingoemn@bandcamp.com,Female,249.41.174.164
817,Filide,Wrankmore,fwrankmoremo@ow.ly,Female,22.239.123.229
818,Cacilie,Gartell,cgartellmp@privacy.gov.au,Female,21.96.108.180
819,Shana,Micklewicz,smicklewiczmq@google.pl,Female,42.35.29.111
820,Clayton,Taig,ctaigmr@blinklist.com,Male,132.68.43.80
821,Melany,Dengate,mdengatems@tumblr.com,Female,90.32.201.11
822,Kin,Vogeler,kvogelermt@google.it,Male,90.39.55.50
823,Francisca,Locket,flocketmu@behance.net,Female,204.114.148.150
824,Darnell,Bodill,dbodillmv@myspace.com,Male,64.57.169.126
825,Jonah,Nicholson,jnicholsonmw@slashdot.org,Male,116.7.139.124
826,Kirby,Sindell,ksindellmx@bandcamp.com,Female,241.98.147.189
827,Del,Murrhaupt,dmurrhauptmy@example.com,Bigender,108.247.166.107
828,Charis,Bruton,cbrutonmz@who.int,Female,189.143.8.10
829,Wash,Caze,wcazen0@prlog.org,Male,92.12.65.199
830,Neill,Colly,ncollyn1@dyndns.org,Agender,64.79.22.25
831,Kimbra,Bessom,kbessomn2@printfriendly.com,Female,161.99.84.170
832,Franni,Leftbridge,fleftbridgen3@ox.ac.uk,Female,8.53.100.155
833,Thomasine,Durrance,tdurrancen4@ezinearticles.com,Female,78.59.190.57
834,Ingamar,Bensley,ibensleyn5@merriam-webster.com,Male,105.74.74.219
835,Martelle,Mineghelli,mmineghellin6@geocities.jp,Genderqueer,57.60.75.99
836,Hinda,Hillaby,hhillabyn7@ustream.tv,Female,152.24.42.127
837,Khalil,Langcastle,klangcastlen8@sakura.ne.jp,Male,141.247.109.5
838,Leicester,Rooke,lrooken9@google.fr,Male,237.24.39.3
839,Davy,Bungey,dbungeyna@cam.ac.uk,Male,247.198.143.138
840,Daisey,Huckell,dhuckellnb@alexa.com,Female,63.81.102.100
841,Nicol,Hundall,nhundallnc@scientificamerican.com,Polygender,41.25.181.239
842,Reagan,Casellas,rcasellasnd@jugem.jp,Male,201.203.253.179
843,Evelyn,Durtnell,edurtnellne@buzzfeed.com,Female,209.213.136.125
844,Nanni,Kemmis,nkemmisnf@theguardian.com,Female,70.50.157.53
845,Garik,Lechmere,glechmereng@so-net.ne.jp,Male,94.140.35.183
846,Kingsly,Crathern,kcrathernnh@ihg.com,Male,26.143.87.215
847,Martie,Oxherd,moxherdni@buzzfeed.com,Male,23.252.34.95
848,Giusto,Clementel,gclementelnj@hp.com,Male,103.196.4.165
849,Rodrigo,Giraldo,rgiraldonk@arizona.edu,Polygender,61.160.195.84
850,Bobby,Kinver,bkinvernl@alexa.com,Female,1.48.29.106
851,Whittaker,Guiver,wguivernm@archive.org,Male,252.22.113.190
852,Dorisa,Tilte,dtiltenn@harvard.edu,Female,127.50.171.41
853,Fredek,Bembrick,fbembrickno@google.co.uk,Male,103.161.224.13
854,Flint,Critchard,fcritchardnp@skyrock.com,Male,194.239.54.80
855,Dory,Toovey,dtooveynq@epa.gov,Female,164.192.239.134
856,Stephanus,Rojel,srojelnr@fda.gov,Male,84.191.241.198
857,Thor,Hardin,thardinns@shutterfly.com,Male,36.88.247.165
858,Harbert,Roots,hrootsnt@goo.ne.jp,Male,80.223.225.38
859,Randell,Reekie,rreekienu@businesswire.com,Male,171.186.99.69
860,Valentina,Iron,vironnv@dailymotion.com,Female,255.109.207.98
861,Nickola,Hollerin,nhollerinnw@example.com,Male,160.201.95.143
862,Brendan,Carberry,bcarberrynx@mapy.cz,Male,97.131.166.253
863,Borg,Beckles,bbecklesny@tuttocitta.it,Male,23.155.216.128
864,Maryl,Tomlinson,mtomlinsonnz@over-blog.com,Female,18.120.86.243
865,Eustacia,Creegan,ecreegano0@dmoz.org,Female,200.93.107.48
866,Anallise,Newby,anewbyo1@elpais.com,Polygender,48.217.100.26
867,Evelyn,Falla,efallao2@merriam-webster.com,Female,89.254.139.43
868,Dur,Giffkins,dgiffkinso3@phpbb.com,Male,172.92.70.244
869,Wadsworth,Mort,wmorto4@acquirethisname.com,Male,38.205.176.214
870,Bailie,Antoney,bantoneyo5@ed.gov,Male,175.158.223.246
871,Ludwig,Turbitt,lturbitto6@lulu.com,Male,35.251.115.245
872,Ingrid,Dixcey,idixceyo7@wordpress.org,Female,152.244.76.162
873,Dorothee,Manwell,dmanwello8@house.gov,Female,169.89.149.79
874,Lanette,Hugnin,lhugnino9@ustream.tv,Female,230.168.84.245
875,Eugenia,Heam,eheamoa@freewebs.com,Female,37.87.51.188
876,Tan,Busk,tbuskob@list-manage.com,Male,64.248.187.155
877,Madelaine,Bris,mbrisoc@indiatimes.com,Female,246.251.105.4
878,Minda,Lunney,mlunneyod@cnet.com,Female,56.66.109.67
879,Keir,Feares,kfearesoe@bravesites.com,Male,31.44.169.0
880,Amalia,Biset,abisetof@dropbox.com,Female,107.54.22.216
881,Eric,Antuoni,eantuoniog@nasa.gov,Male,145.226.198.47
882,Nanette,Bee,nbeeoh@springer.com,Female,11.162.52.162
883,Riordan,Cutchee,rcutcheeoi@cornell.edu,Non-binary,248.130.107.100
884,Sterling,Kedwell,skedwelloj@msn.com,Male,187.59.54.131
885,Christie,McAndrew,cmcandrewok@imdb.com,Male,108.208.12.184
886,Edward,Theobalds,etheobaldsol@loc.gov,Male,170.253.150.3
887,Damian,Nockles,dnocklesom@gov.uk,Male,61.17.55.154
888,Edd,Hayer,ehayeron@newsvine.com,Male,157.4.216.229
889,Pavel,Surgenor,psurgenoroo@hp.com,Male,46.156.167.63
890,Filip,Gillino,fgillinoop@bizjournals.com,Male,109.33.12.48
891,Salomon,MacConnechie,smacconnechieoq@surveymonkey.com,Male,225.59.26.202
892,Rad,Cundey,rcundeyor@state.gov,Male,141.219.7.135
893,Devan,Allsebrook,dallsebrookos@sciencedaily.com,Female,78.7.159.159
894,Melvin,Yakushkin,myakushkinot@dropbox.com,Male,31.81.187.148
895,Fredra,Dursley,fdursleyou@gravatar.com,Female,61.41.184.102
896,Moe,McCormick,mmccormickov@canalblog.com,Male,41.157.194.45
897,Brien,Filyakov,bfilyakovow@parallels.com,Male,26.106.173.84
898,Nicholle,McKay,nmckayox@prnewswire.com,Female,19.108.217.251
899,Elijah,Harnes,eharnesoy@paginegialle.it,Male,14.140.35.0
900,Thorny,Finnimore,tfinnimoreoz@redcross.org,Male,238.31.213.159
901,Adrien,Mate,amatep0@seesaa.net,Male,35.14.208.10
902,Tabby,McMaster,tmcmasterp1@columbia.edu,Male,44.159.68.214
903,Enrique,Mazella,emazellap2@google.fr,Male,234.31.31.143
904,Gertrudis,Lovelock,glovelockp3@smugmug.com,Female,201.98.51.97
905,Alisha,Sivell,asivellp4@infoseek.co.jp,Female,135.175.221.51
906,Mandie,McLeman,mmclemanp5@abc.net.au,Non-binary,38.231.95.53
907,Andris,Sinisbury,asinisburyp6@washington.edu,Agender,28.237.58.70
908,Shanie,Tiffney,stiffneyp7@addthis.com,Female,198.83.90.53
909,Dianne,Wilsher,dwilsherp8@cisco.com,Female,109.208.92.49
910,Lusa,Sparks,lsparksp9@cbc.ca,Female,123.154.152.226
911,Melisse,Glason,mglasonpa@amazon.com,Female,42.115.226.71
912,Daven,Senecaut,dsenecautpb@nymag.com,Male,63.142.223.159
913,Gavin,Guerrieri,gguerrieripc@acquirethisname.com,Male,106.223.150.196
914,Emery,Bart,ebartpd@surveymonkey.com,Male,32.54.49.158
915,Dulsea,Heinritz,dheinritzpe@stanford.edu,Female,6.117.74.11
916,Darcey,Scammell,dscammellpf@github.com,Female,121.147.49.57
917,Demetria,Cranney,dcranneypg@liveinternet.ru,Female,115.19.197.83
918,Carlos,Bernardoux,cbernardouxph@indiatimes.com,Male,173.167.246.83
919,Tracie,Linforth,tlinforthpi@patch.com,Male,102.1.22.89
920,Cindi,Dibley,cdibleypj@lulu.com,Bigender,42.34.91.70
921,Aime,Burr,aburrpk@jugem.jp,Female,193.209.97.182
922,Thacher,Joul,tjoulpl@github.com,Male,175.54.223.155
923,Dacia,Wolpert,dwolpertpm@flavors.me,Bigender,204.65.143.224
924,Hunfredo,Ferenczy,hferenczypn@smh.com.au,Male,161.76.166.118
925,Willow,Ducarne,wducarnepo@epa.gov,Female,68.151.10.89
926,Alanna,Laurentin,alaurentinpp@ibm.com,Female,32.126.194.34
927,Paxon,Butson,pbutsonpq@infoseek.co.jp,Male,232.85.241.26
928,Cass,Loalday,cloaldaypr@g.co,Female,135.86.211.56
929,Judye,Cammomile,jcammomileps@csmonitor.com,Female,213.166.91.149
930,Berky,Jakubowicz,bjakubowiczpt@fc2.com,Male,30.246.224.65
931,Denis,Airlie,dairliepu@nps.gov,Male,158.217.148.146
932,Mayer,MacGeaney,mmacgeaneypv@cdc.gov,Polygender,130.156.167.151
933,Albrecht,Garrard,agarrardpw@wunderground.com,Male,172.64.56.125
934,Norma,Atack,natackpx@youtube.com,Female,99.77.63.227
935,Elden,Molden,emoldenpy@rakuten.co.jp,Male,79.116.187.247
936,Samuel,Valadez,svaladezpz@fda.gov,Male,112.154.111.32
937,Willette,Covelle,wcovelleq0@intel.com,Female,62.157.217.44
938,Curr,Serchwell,cserchwellq1@hexun.com,Male,85.17.61.58
939,Nickie,Hehl,nhehlq2@amazon.co.jp,Male,53.99.251.8
940,Esme,Phillps,ephillpsq3@cisco.com,Female,253.210.26.7
941,Sande,Kennerley,skennerleyq4@trellian.com,Female,138.20.236.147
942,Valera,Willeman,vwillemanq5@privacy.gov.au,Female,88.34.253.244
943,Joshia,Christophersen,jchristophersenq6@huffingtonpost.com,Male,162.39.169.152
944,Andrew,Glusby,aglusbyq7@infoseek.co.jp,Male,48.125.179.81
945,Kenny,Hardwick,khardwickq8@angelfire.com,Male,238.244.111.172
946,Joletta,MacClancey,jmacclanceyq9@sciencedaily.com,Female,245.182.137.169
947,Dina,Lapwood,dlapwoodqa@altervista.org,Female,225.113.215.200
948,Blanche,Fitch,bfitchqb@exblog.jp,Female,167.245.139.30
949,Immanuel,Flay,iflayqc@wp.com,Male,94.233.55.136
950,Garvin,Zamorano,gzamoranoqd@prlog.org,Male,156.239.233.199
951,Dinah,Beacroft,dbeacroftqe@storify.com,Female,173.206.81.20
952,Elsey,Heathfield,eheathfieldqf@about.com,Female,115.231.50.232
953,Sanderson,Canham,scanhamqg@fc2.com,Male,68.50.128.4
954,Idette,Dwyr,idwyrqh@com.com,Polygender,127.97.141.135
955,Rianon,Fontelles,rfontellesqi@nifty.com,Female,211.174.70.234
956,Livy,Crookshanks,lcrookshanksqj@artisteer.com,Agender,169.66.84.184
957,Rik,Cove,rcoveqk@cnn.com,Male,86.85.0.120
958,Cash,Knibbs,cknibbsql@state.tx.us,Male,43.33.42.172
959,Delbert,Kleinpeltz,dkleinpeltzqm@list-manage.com,Male,92.9.60.72
960,Gusti,Fairclough,gfaircloughqn@dot.gov,Female,78.60.176.31
961,Tricia,Arniz,tarnizqo@youtube.com,Female,175.253.17.114
962,Enoch,Garred,egarredqp@weibo.com,Male,200.75.30.252
963,Edyth,By,ebyqq@nps.gov,Female,167.82.75.125
964,Artie,Stut,astutqr@psu.edu,Male,184.175.154.233
965,Euphemia,Whife,ewhifeqs@shinystat.com,Female,194.210.132.145
966,Willdon,Weinham,wweinhamqt@blogs.com,Male,25.206.178.18
967,Dolf,Brash,dbrashqu@chicagotribune.com,Male,245.88.169.51
968,Farris,Gleasane,fgleasaneqv@uiuc.edu,Male,228.248.16.189
969,Anastassia,Severns,asevernsqw@marriott.com,Female,159.223.176.43
970,Ettore,Piotrowski,epiotrowskiqx@europa.eu,Male,187.106.254.147
971,Matthus,Batterton,mbattertonqy@people.com.cn,Male,246.42.119.13
972,Frayda,Shadwick,fshadwickqz@cloudflare.com,Female,126.36.110.101
973,Eve,Beacom,ebeacomr0@shop-pro.jp,Female,50.154.169.49
974,Hart,Roblin,hroblinr1@stanford.edu,Male,156.221.88.90
975,Allan,Burcombe,aburcomber2@de.vu,Male,78.6.123.249
976,Sascha,Gallant,sgallantr3@barnesandnoble.com,Agender,229.31.5.133
977,Salvidor,McGillivray,smcgillivrayr4@t.co,Male,113.212.147.116
978,Innis,Burrage,iburrager5@mapquest.com,Male,208.49.40.169
979,Camile,Casbolt,ccasboltr6@cocolog-nifty.com,Female,220.78.73.64
980,Yehudit,Merredy,ymerredyr7@cam.ac.uk,Male,31.142.252.179
981,Thibaud,Bothen,tbothenr8@nymag.com,Genderqueer,194.140.31.23
982,Helge,Bonds,hbondsr9@nps.gov,Female,110.34.31.153
983,Griz,Le Frank,glefrankra@mtv.com,Male,22.27.141.213
984,Marcello,Northway,mnorthwayrb@joomla.org,Male,238.33.0.229
985,Keriann,Cowerd,kcowerdrc@nasa.gov,Female,239.167.115.181
986,Gay,Ebbing,gebbingrd@parallels.com,Male,80.227.121.188
987,Eli,Duckwith,educkwithre@clickbank.net,Male,243.214.75.21
988,Glory,Timlett,gtimlettrf@accuweather.com,Female,242.63.241.189
989,Holt,Topling,htoplingrg@theglobeandmail.com,Male,41.115.92.223
990,Karilynn,Serjeant,kserjeantrh@dailymotion.com,Female,40.102.192.45
991,Shayla,Orta,sortari@nytimes.com,Female,2.49.224.196
992,Leta,Coppo,lcopporj@so-net.ne.jp,Female,186.152.92.8
993,Brandon,Perigeaux,bperigeauxrk@purevolume.com,Male,131.72.203.6
994,Rollo,Hallede,rhallederl@globo.com,Male,29.239.186.246
995,Dallas,Toleman,dtolemanrm@ft.com,Male,184.176.143.174
996,Eldin,Robberts,erobbertsrn@tumblr.com,Male,27.95.247.221
997,Darcee,Posthill,dposthillro@china.com.cn,Female,197.10.81.79
998,Meridel,Brain,mbrainrp@smugmug.com,Female,144.19.211.96
999,Eberhard,Cadagan,ecadaganrq@foxnews.com,Non-binary,102.6.200.102
1000,Bay,Relf,brelfrr@goodreads.com,Male,249.19.35.114
